{"cameraMode":{"drawMode":0,"name":"Shaded","section":"Shading Mode"},"sceneLighting":false,"audioPlay":false,"sceneViewState":{"m_AlwaysRefresh":false,"showFog":true,"showSkybox":true,"showFlares":true,"showImageEffects":true,"showParticleSystems":true,"showVisualEffectGraphs":true,"m_FxEnabled":true},"in2DMode":false,"pivot":{"x":0.14318227767944337,"y":1.2999141216278077,"z":-0.08998322486877442},"rotation":{"x":0.2653058171272278,"y":-0.39452850818634035,"z":0.12010657787322998,"w":0.87154620885849},"size":11.033602714538575,"orthographic":true}