{"cameraMode":{"drawMode":0,"name":"Shaded","section":"Shading Mode"},"sceneLighting":false,"audioPlay":false,"sceneViewState":{"m_AlwaysRefresh":false,"showFog":true,"showSkybox":true,"showFlares":true,"showImageEffects":true,"showParticleSystems":true,"showVisualEffectGraphs":true,"m_FxEnabled":true},"in2DMode":false,"pivot":{"x":48.82136917114258,"y":-21.99881935119629,"z":0.09977902472019196},"rotation":{"x":-0.17035669088363648,"y":-0.6862906217575073,"z":0.17035271227359773,"w":-0.6862818002700806},"size":49.153018951416019,"orthographic":false}