{"cameraMode":{"drawMode":0,"name":"Shaded","section":"Shading Mode"},"sceneLighting":false,"audioPlay":false,"sceneViewState":{"m_AlwaysRefresh":false,"showFog":true,"showSkybox":true,"showFlares":true,"showImageEffects":true,"showParticleSystems":true,"showVisualEffectGraphs":true,"m_FxEnabled":true},"in2DMode":false,"pivot":{"x":-12.399232864379883,"y":-11.317755699157715,"z":13.605701446533204},"rotation":{"x":-0.24434581398963929,"y":0.35181382298469546,"z":-0.09565918147563935,"w":-0.8985918760299683},"size":24.45262908935547,"orthographic":false}