{"cameraMode":{"drawMode":0,"name":"Shaded","section":"Shading Mode"},"sceneLighting":false,"audioPlay":false,"sceneViewState":{"m_AlwaysRefresh":false,"showFog":true,"showSkybox":true,"showFlares":true,"showImageEffects":true,"showParticleSystems":true,"showVisualEffectGraphs":true,"m_FxEnabled":true},"in2DMode":false,"pivot":{"x":1.8438076972961426,"y":12.698953628540039,"z":-10.472731590270996},"rotation":{"x":-0.1011347845196724,"y":-0.4882611334323883,"z":0.057090017944574359,"w":-0.8649441003799439},"size":16.296226501464845,"orthographic":true}