{"cameraMode":{"drawMode":0,"name":"Shaded","section":"Shading Mode"},"sceneLighting":false,"audioPlay":false,"sceneViewState":{"m_AlwaysRefresh":false,"showFog":true,"showSkybox":false,"showFlares":true,"showImageEffects":true,"showParticleSystems":true,"showVisualEffectGraphs":true,"m_FxEnabled":true},"in2DMode":false,"pivot":{"x":-0.03999519348144531,"y":-0.6499996185302734,"z":0.1063690185546875},"rotation":{"x":-0.17647354304790498,"y":-0.7955266833305359,"z":0.27515968680381777,"w":-0.5102301239967346},"size":16.72574234008789,"orthographic":true}